[
    {
        "_id": "0",
        "author": "giorgio vanni",
        "title": "Cerco rimedio per stitichezza per il mio cane",
        "description": "Il mio cane non la fa da così tanti giorni che ogni volta che incontriamo Angelo Pintus gli chiede sempre 'Hai cacato?'",
        "answers": [{
                "_id": "1",
                "author": "Amazon",
                "description": "https://www.amazon.it/Enterogermina-integratore-alimentare-intestinale-lequilibrio/dp/B07V8TYV98/ref=asc_df_B07V8TYV98/?tag=googshopit-21&linkCode=df0&hvadid=407944040807&hvpos=&hvnetw=g&hvrand=13469476729332512721&hvpone=&hvptwo=&hvqmt=&hvdev=c&hvdvcmdl=&hvlocint=&hvlocphy=1008141&hvtargid=pla-852835221768&psc=1&tag=&ref=&adgrpid=86164770143&hvpone=&hvptwo=&hvadid=407944040807&hvpos=&hvnetw=g&hvrand=13469476729332512721&hvqmt=&hvdev=c&hvdvcmdl=&hvlocint=&hvlocphy=1008141&hvtargid=pla-852835221768",
                "date": "12/12/12, 12:12:13",
                "file": ""
            },
            {
                "_id": "2",
                "author": "Ebay",
                "description": "Non fidarti di lui, prova questo https://www.ebay.it/itm/334495836273?mkevt=1&mkcid=1&mkrid=724-53478-19255-0&campid=5338748322&toolid=20006&customid=lyw8ozUVAAAAzj_HIslmY1EwmaYXAAAAAA",
                "date": "12/12/12, 12:12:14",
                "file": ""
            }
        ],
        "date": "12/12/12, 12:12:12",
        "file": ""
    },
    {
        "_id": "3",
        "author": "Leo",
        "title": "Ciao a tutti!!!",
        "description": "Ciao!! Benvenuto a tutti i nuovi arrivati!!",
        "answers": [],
        "date": "11/11/11, 11:12:12",
        "file": ""
    }
]